# ************************************************************
# Sequel Pro SQL dump
# Version 4096
#
# http://www.sequelpro.com/
# http://code.google.com/p/sequel-pro/
#
# Host: hawkerhub.quanyang.me (MySQL 5.6.26)
# Database: hawker-hub
# Generation Time: 2015-09-02 18:18:13 +0000
# ************************************************************


/*!40101 SET @OLD_CHARACTER_SET_CLIENT=@@CHARACTER_SET_CLIENT */;
/*!40101 SET @OLD_CHARACTER_SET_RESULTS=@@CHARACTER_SET_RESULTS */;
/*!40101 SET @OLD_COLLATION_CONNECTION=@@COLLATION_CONNECTION */;
/*!40101 SET NAMES utf8 */;
/*!40014 SET @OLD_FOREIGN_KEY_CHECKS=@@FOREIGN_KEY_CHECKS, FOREIGN_KEY_CHECKS=0 */;
/*!40101 SET @OLD_SQL_MODE=@@SQL_MODE, SQL_MODE='NO_AUTO_VALUE_ON_ZERO' */;
/*!40111 SET @OLD_SQL_NOTES=@@SQL_NOTES, SQL_NOTES=0 */;


# Dump of table Approve
# ------------------------------------------------------------

DROP TABLE IF EXISTS `Approve`;

CREATE TABLE `Approve` (
  `likeId` int(11) NOT NULL AUTO_INCREMENT,
  `likeDate` datetime NOT NULL DEFAULT CURRENT_TIMESTAMP,
  `userId` int(11) NOT NULL,
  `itemId` int(11) NOT NULL,
  PRIMARY KEY (`likeId`),
  UNIQUE KEY `userId` (`userId`,`itemId`),
  UNIQUE KEY `userId_2` (`userId`,`itemId`),
  UNIQUE KEY `userId_3` (`userId`,`itemId`),
  UNIQUE KEY `userId_4` (`userId`,`itemId`),
  UNIQUE KEY `userId_5` (`userId`,`itemId`),
  KEY `userId_idxfk` (`userId`),
  KEY `itemId_idxfk` (`itemId`),
  CONSTRAINT `Approve_ibfk_1` FOREIGN KEY (`userId`) REFERENCES `User` (`userId`) ON DELETE CASCADE ON UPDATE CASCADE,
  CONSTRAINT `Approve_ibfk_2` FOREIGN KEY (`itemId`) REFERENCES `Item` (`itemId`) ON DELETE CASCADE ON UPDATE CASCADE
) ENGINE=InnoDB AUTO_INCREMENT=122 DEFAULT CHARSET=utf8 COLLATE=utf8_bin;

LOCK TABLES `Approve` WRITE;
/*!40000 ALTER TABLE `Approve` DISABLE KEYS */;

INSERT INTO `Approve` (`likeId`, `likeDate`, `userId`, `itemId`)
VALUES
  (2,'2015-09-02 02:18:25',3,8),
  (4,'2015-09-02 02:19:42',4,4),
  (6,'2015-09-02 02:27:23',6,9),
  (8,'2015-09-02 02:27:29',6,6),
  (9,'2015-09-02 02:27:33',6,15),
  (11,'2015-09-02 02:36:56',2,22),
  (12,'2015-09-02 10:44:53',2,13),
  (13,'2015-09-02 11:51:57',4,23),
  (15,'2015-09-02 12:05:01',3,22),
  (16,'2015-09-02 13:09:31',3,11),
  (19,'2015-09-02 13:09:55',3,2),
  (20,'2015-09-02 13:10:29',3,23),
  (22,'2015-09-02 13:40:50',5,1),
  (31,'2015-09-02 14:36:18',7,22),
  (33,'2015-09-02 14:55:48',2,27),
  (34,'2015-09-02 15:11:26',5,27),
  (35,'2015-09-02 15:14:59',5,25),
  (38,'2015-09-02 16:32:41',9,31),
  (39,'2015-09-02 16:32:45',9,30),
  (40,'2015-09-02 16:32:49',9,29),
  (41,'2015-09-02 16:32:52',9,28),
  (42,'2015-09-02 17:57:56',2,30),
  (43,'2015-09-02 18:00:36',3,30),
  (50,'2015-09-02 21:21:01',2,35),
  (53,'2015-09-02 21:22:15',4,35),
  (56,'2015-09-02 21:22:31',2,34),
  (57,'2015-09-02 21:22:37',4,32),
  (63,'2015-09-02 21:24:49',2,32),
  (90,'2015-09-02 22:05:13',3,35),
  (106,'2015-09-02 22:06:05',6,36),
  (120,'2015-09-02 22:16:35',2,36),
  (121,'2015-09-02 22:33:10',3,34);

/*!40000 ALTER TABLE `Approve` ENABLE KEYS */;
UNLOCK TABLES;


# Dump of table Comment
# ------------------------------------------------------------

DROP TABLE IF EXISTS `Comment`;

CREATE TABLE `Comment` (
  `commentId` int(11) NOT NULL AUTO_INCREMENT,
  `commentDate` datetime NOT NULL DEFAULT CURRENT_TIMESTAMP,
  `userId` int(11) NOT NULL,
  `itemId` int(11) NOT NULL,
  `message` varchar(255) COLLATE utf8_bin DEFAULT NULL,
  PRIMARY KEY (`commentId`),
  KEY `userId_idxfk_2` (`userId`),
  KEY `itemId_idxfk_1` (`itemId`),
  CONSTRAINT `Comment_ibfk_1` FOREIGN KEY (`userId`) REFERENCES `User` (`userId`) ON DELETE CASCADE ON UPDATE CASCADE,
  CONSTRAINT `Comment_ibfk_2` FOREIGN KEY (`itemId`) REFERENCES `Item` (`itemId`) ON DELETE CASCADE ON UPDATE CASCADE
) ENGINE=InnoDB AUTO_INCREMENT=28 DEFAULT CHARSET=utf8 COLLATE=utf8_bin;



# Dump of table Item
# ------------------------------------------------------------

DROP TABLE IF EXISTS `Item`;

CREATE TABLE `Item` (
  `itemId` int(11) NOT NULL AUTO_INCREMENT,
  `addedDate` datetime NOT NULL DEFAULT CURRENT_TIMESTAMP,
  `itemName` varchar(255) NOT NULL,
  `photoURL` varchar(255) CHARACTER SET utf8 COLLATE utf8_bin NOT NULL,
  `caption` varchar(255) NOT NULL,
  `longtitude` decimal(10,6) NOT NULL,
  `latitude` decimal(10,6) NOT NULL,
  `userId` int(11) NOT NULL,
  PRIMARY KEY (`itemId`),
  KEY `userId_idxfk_1` (`userId`),
  CONSTRAINT `Item_ibfk_1` FOREIGN KEY (`userId`) REFERENCES `User` (`userId`) ON DELETE CASCADE ON UPDATE CASCADE
) ENGINE=InnoDB AUTO_INCREMENT=39 DEFAULT CHARSET=utf8;



# Dump of table Photo
# ------------------------------------------------------------

DROP TABLE IF EXISTS `Photo`;

CREATE TABLE `Photo` (
  `photoId` int(11) NOT NULL AUTO_INCREMENT,
  `fileName` varchar(255) COLLATE utf8_bin NOT NULL,
  `uniqueId` varchar(255) COLLATE utf8_bin NOT NULL,
  `userId` int(11) DEFAULT NULL,
  PRIMARY KEY (`photoId`),
  UNIQUE KEY `fileName` (`fileName`),
  UNIQUE KEY `uniqueId` (`uniqueId`),
  KEY `userId_idxfk` (`userId`),
  CONSTRAINT `Photo_ibfk_1` FOREIGN KEY (`userId`) REFERENCES `User` (`userId`) ON DELETE CASCADE ON UPDATE CASCADE
) ENGINE=InnoDB AUTO_INCREMENT=42 DEFAULT CHARSET=utf8 COLLATE=utf8_bin;

LOCK TABLES `Photo` WRITE;
/*!40000 ALTER TABLE `Photo` DISABLE KEYS */;

INSERT INTO `Photo` (`photoId`, `fileName`, `uniqueId`, `userId`)
VALUES
  (1,X'696D672D64613830306161646138343364323135366466653239376562376639333734612E6A706567',X'6632643934306236666130373262396562393132366663353530643536653061',2),
  (2,X'696D672D31396332303166313466626664336232393238313634396237613731613234392E6A706567',X'3561366265633838323938306530663932333832373137303039633036643634',2),
  (3,X'696D672D33366436376138323733346533623434633866633764363333326230656431352E6A706567',X'6264346661383430373031393132623438316236376665616432356139383634',2),
  (4,X'696D672D32343634333465646630646437393361646531376534363763366461303935322E6A706567',X'3439633365623162333839343362346531343665356365393466663139353265',2),
  (5,X'696D672D63386639333362306430663832353830373563393136656530323338303739342E6A706567',X'3636333133383236396164386138376566356462376231633839363935616438',2),
  (6,X'696D672D62333263616432643962323766613736373565376138653265663761613665372E6A706567',X'3665323266633763366538633130613934356461663063383966306231316532',2),
  (7,X'696D672D34646563643862663834633138333431356331336234663131386336353937632E6A706567',X'3937316465336632343036353530326136306639663132623331613863633563',2),
  (8,X'696D672D30316664343162323836386561356239323961353431366435333266303538612E6A706567',X'3462636136646635616439613232313133373762373830373462356561656366',2),
  (9,X'696D672D62333833663336626337393031393635666161653935633739623563636337342E6A706567',X'6435366333663566366436333265343432396137363465323632313063353663',12),
  (10,X'6861707079426972746864617951592E6A7067',X'3837366664626131386136633631333130653031623030623361313565386663',2),
  (11,X'49442D3130303138303431302E6A7067',X'6633303332666532363265313365633137663062323130333336323039303864',1),
  (12,X'45636F6E6F6D795F726963655F6469736865732E6A7067',X'3166353865616366343461333834633734626538363834383161363634366666',2),
  (13,X'45636F6E6F6D69635F726963652E6A7067',X'3436326562623261313761313736353864636562326138333466383033363163',3),
  (14,X'484B5F536865756E675F57616E5F436166655F64655F436F72616C5F6C756E63685F726963655F7265645F62617262656375655F706F726B5F6D6561745F677265656E5F766567657461626C655F31302D4175672D323031322E4A5047',X'3866373839626263333231313463373434336238313361663334666636393162',4),
  (15,X'4861696E616E6573655F636869636B656E5F726963655F696E5F53696E6761706F72655F2D5F32303134303231332E6A7067',X'6337386534313732393762373030333033336130343261626237313236386137',1),
  (16,X'4E6173695F72616D61735F6179616D5F676F72656E672E6A7067',X'6365316439363937343165633330663537653131626233353737363438346431',2),
  (17,X'6D65655F676F72656E672E6A7067',X'6131363331643762663561373462373436383737383164623164333164643637',3),
  (18,X'4D695F676F72656E672E6A7067',X'3937613762613363313434336638333238376661373131323639373332653961',4),
  (19,X'436861725F736965775F726963655F7A7A2E6A7067',X'3032663938353638393736396236613034643038646166343461353366323930',1),
  (20,X'4861696E616E6573655F436869636B656E5F526963652E6A7067',X'3262376261346235666537373636396135303965383566313139333838366535',2),
  (21,X'436869636B656E5F726963655F696E5F4B4C5F2832292E6A7067',X'3261623535353033336238376466313730396263336530653166346138323930',3),
  (22,X'43686174746572626F785F436869636B656E526963652E6A706567',X'6538363264353635393166646639353764333538656461666564626466636462',4),
  (23,X'4669736842616C6C4D6565506F6B2E6A7067',X'3862393231383830383163643634326263346435666464313961353032623439',1),
  (24,X'4368696E6573655F65636F6E6F6D69635F726963652E6A7067',X'3862333661333965343364636230313836616564313438313433323165373637',2),
  (25,X'49442D3130303138383232392E6A7067',X'3262313665313532373265633637663664633565653232306363336163663637',3),
  (26,X'49442D3130303235353433362E6A7067',X'3137343564376436363665653130363031353339393038616633316534626635',4),
  (27,X'66726965644B77657954656F772E6A7067',X'3635313334633038343561323563326362613961663831643461393436323135',1),
  (28,X'436861725F736965775F77616E5F74616E5F6E6F6F646C652E4A5047',X'3530353064646432383938303930303863636162383462386433336439373932',2),
  (29,X'62616E4D69616E2E6A7067',X'3332326634663863346536616637303332373134303937323732346430366662',3),
  (30,X'484B5F4D6F6E676B6F6B5F4D6178696D735F4242515F4D6561745F526963655F4C756E63685F776974685F477265656E5F766567657461626C652E6A706567',X'3936646230646130366232303161373333316362646632373864376366343261',4),
  (31,X'696D672D31393733626137613764303432313333363237666135373439306463326161362E6A706567',X'3134333830646332656630623134356333356466303761656637313261393866',3),
  (32,X'696D672D64353365396562346139623939336364326266343337636438643039353836332E6A706567',X'3834316134313033363039326161306361306534393863636334653833386466',2),
  (33,X'696D672D66303833393663346235656434353434353830343664643962313733333537652E6A706567',X'6534613231346566626233313131373333656264383566623837363132353130',2),
  (34,X'696D672D36623261663635316562346136356431366539326161636536646164646465312E6A706567',X'3338316230323632646431386234373366313335336166336137323465373035',4),
  (35,X'696D672D34386436666463643238646132303532316438633961636261653366666431642E6A706567',X'6163393262353764386230333233373439656130653739633330393132636531',4),
  (36,X'696D672D63323666323536376163643337613135353534646362333465336635346538652E6A706567',X'3137636662343465623233623066333339626139343862336331303634303362',2),
  (39,X'696D672D66386664666166633231303365363134666631346566303835393665323033612E676966',X'6633323931393635643462303834666665386132326434613662666164346633',7),
  (40,X'3462636136646635616439613232313133373762373830373462356561656366',X'3638313538383162303237393031633765643239323864393330636464366533',2),
  (41,X'6435366333663566366436333265343432396137363465323632313063353663',X'3665663462653537633133383233306431316137623536333064333866643137',12);

/*!40000 ALTER TABLE `Photo` ENABLE KEYS */;
UNLOCK TABLES;


# Dump of table User
# ------------------------------------------------------------

DROP TABLE IF EXISTS `User`;

CREATE TABLE `User` (
  `userId` int(11) NOT NULL AUTO_INCREMENT,
  `displayName` varchar(255) COLLATE utf8_bin NOT NULL,
  `profilePictureURL` varchar(255) COLLATE utf8_bin DEFAULT NULL,
  `providerId` int(11) DEFAULT NULL,
  `providerUserId` varchar(255) COLLATE utf8_bin NOT NULL,
  `publicProfile` tinyint(1) DEFAULT '1',
  PRIMARY KEY (`userId`),
  UNIQUE KEY `displayName` (`displayName`),
  UNIQUE KEY `providerUserId` (`providerUserId`),
  KEY `providerId_idxfk` (`providerId`),
  CONSTRAINT `User_ibfk_1` FOREIGN KEY (`providerId`) REFERENCES `Provider` (`providerId`) ON DELETE CASCADE ON UPDATE CASCADE
) ENGINE=InnoDB AUTO_INCREMENT=13 DEFAULT CHARSET=utf8 COLLATE=utf8_bin;

LOCK TABLES `User` WRITE;
/*!40000 ALTER TABLE `User` DISABLE KEYS */;

INSERT INTO `User` (`userId`, `displayName`, `profilePictureURL`, `providerId`, `providerUserId`, `publicProfile`)
VALUES
  (1,X'4B697769',X'4E6F6E65',1,X'6B697769',1),
  (2,X'5175616E2059616E67',NULL,2,X'3130313533303936343632363433333130',1),
  (3,X'4576616E2053656261737469616E',NULL,2,X'3130323033363533313435313238313937',1),
  (4,X'4368656168204B69742057656E67',NULL,2,X'3130323035383036343130323138323936',1),
  (5,X'416E646869656B61205075747261',NULL,2,X'3130323037343134323739393833373130',1),
  (6,X'4F70656E20477261706820546573742055736572',NULL,2,X'313539303531393434343330303439',1),
  (7,X'4D696E67205969204D79',NULL,2,X'3130323037373531303436353634323736',1),
  (8,X'436F6C696E2054616E',NULL,2,X'3130313533313039323631333533373836',1),
  (9,X'596974696E672057617474',NULL,2,X'3130313533353235313534373637353933',1),
  (10,X'436861726C696520416C616A636366626A666A666420526963657769747A',NULL,2,X'313131343237393235383738343134',1),
  (11,X'4A696E6777656E204368656E',NULL,2,X'3130313533303035383134303232313137',1),
  (12,X'4B6172656E20416D69686867666268626468204D6F6964757769747A',NULL,2,X'313536353532343838303137363731',1);

/*!40000 ALTER TABLE `User` ENABLE KEYS */;
UNLOCK TABLES;



/*!40111 SET SQL_NOTES=@OLD_SQL_NOTES */;
/*!40101 SET SQL_MODE=@OLD_SQL_MODE */;
/*!40014 SET FOREIGN_KEY_CHECKS=@OLD_FOREIGN_KEY_CHECKS */;
/*!40101 SET CHARACTER_SET_CLIENT=@OLD_CHARACTER_SET_CLIENT */;
/*!40101 SET CHARACTER_SET_RESULTS=@OLD_CHARACTER_SET_RESULTS */;
/*!40101 SET COLLATION_CONNECTION=@OLD_COLLATION_CONNECTION */;
